step,L_uH,r_1_mOhm,C_uF,r_C_mOhm,avg_vout,ripple_vout,std_vout,min_vout,max_vout,delta_avg_vout,delta_ripple_vout,delta_std_vout,health_index,RUL,is_anomaly,label,fault_type,sim_success,healthy_avg_vout,healthy_ripple_vout,healthy_std_vout
1,0.500487993231736,5.0016869512619,199.892351221254,3.00260169647289,3.64963851573773,0.142905258247862,0.0310066860372914,3.59293148806725,3.73583674631511,-1.1429355253334e-06,-7.36054764867156e-05,-1.72081320802542e-05,0,200,0,healthy,none,1,3.64963965867326,0.142978863724349,0.0310238941693716
2,0.499351276261416,5.00458694294573,199.800781180677,2.99843035790494,3.649484846727,0.142743094409505,0.0309987710560235,3.59269744619249,3.735440540602,-0.000154811946261102,-0.000235769314844259,-2.51231133481487e-05,0,200,0,healthy,none,1,3.64963965867326,0.142978863724349,0.0310238941693716
3,0.499704250020114,5.009221948185,200.035320325724,3.00226553980703,3.6494999264737,0.142951607329913,0.0310177623830107,3.59272792937096,3.73567953670087,-0.000139732199560871,-2.725639443657e-05,-6.13178636096542e-06,0,200,0,healthy,none,1,3.64963965867326,0.142978863724349,0.0310238941693716
4,0.49944469932247,4.99659547059866,200.363384449836,2.99962849994916,3.64970854677476,0.143277042724524,0.0310699783248815,3.59287810949453,3.73615515221905,6.88881015054044e-05,0.000298179000174592,4.60841555098707e-05,0,200,0,healthy,none,1,3.64963965867326,0.142978863724349,0.0310238941693716
5,0.49966949449277,5.00152975457534,200.00283386528,2.99982134816862,3.64959194137764,0.142955660291039,0.0310233257024652,3.59281057365278,3.73576623394382,-4.77172956130367e-05,-2.32034333103037e-05,-5.68466906401832e-07,0,200,0,healthy,none,1,3.64963965867326,0.142978863724349,0.0310238941693716
6,0.499857548585268,4.99967606572054,199.918188430842,2.99615443553135,3.64961444122223,0.1428997396997,0.0310188561351998,3.59285623579434,3.73575597549404,-2.52174510313452e-05,-7.91240246491576e-05,-5.03803417181356e-06,0,200,0,healthy,none,1,3.64963965867326,0.142978863724349,0.0310238941693716
7,0.500045900007626,5.00136902395969,200.200076637768,2.99759601210507,3.64966322052423,0.143145421016484,0.0310485127806536,3.59290469053816,3.73605011155464,2.35618509734081e-05,0.000166557292134772,2.46186112819492e-05,0,200,0,healthy,none,1,3.64963965867326,0.142978863724349,0.0310238941693716
8,0.499520750295326,4.99836841574067,199.573306488116,3.00121193184165,3.64953909873671,0.1425810654532,0.0309746257712244,3.59276999121095,3.73535105666415,-0.000100559936545785,-0.000397798271148719,-4.92683981472668e-05,0,200,0,healthy,none,1,3.64963965867326,0.142978863724349,0.0310238941693716
9,0.500413505447952,4.99920206387056,200.495739125921,3.00461722815622,3.64978391412262,0.143420401475521,0.0310767494617284,3.59303224847265,3.73645264994817,0.000144255449365804,0.00044153775117195,5.28552923567439e-05,0,200,0,healthy,none,1,3.64963965867326,0.142978863724349,0.0310238941693716
10,0.499887595578728,4.99342666178139,199.828455650183,3.00119506189924,3.64968485544935,0.142854025206609,0.0310084680256443,3.5929198679208,3.73577389312741,4.5196776096823e-05,-0.000124838517740589,-1.54261437272721e-05,0,200,0,healthy,none,1,3.64963965867326,0.142978863724349,0.0310238941693716
11,0.500554320236429,4.99767930869533,199.995640626811,2.99735981897702,3.64971528681583,0.143013095172783,0.0310277360597109,3.5930082567143,3.73602135188708,7.56281425715599e-05,3.42314484336192e-05,3.84189033928936e-06,0,200,0,healthy,none,1,3.64963965867326,0.142978863724349,0.0310238941693716
12,0.500020454664935,5.00077526954569,200.132913838276,2.99840958564535,3.6496562362573,0.143089911579604,0.0310403670619239,3.59289754424254,3.73598745582214,1.65775840450522e-05,0.000111047855255286,1.64728925523099e-05,0,200,0,healthy,none,1,3.64963965867326,0.142978863724349,0.0310238941693716
13,0.500400203278626,5.00598135792181,199.935783003688,3.00643744401331,3.64958408388991,0.14291980043124,0.031003981143062,3.59286861724997,3.73578841768121,-5.55747833472786e-05,-5.90632931087853e-05,-1.99130263096592e-05,0,200,0,healthy,none,1,3.64963965867326,0.142978863724349,0.0310238941693716
14,0.500522659100747,4.99314086828343,200.419509276531,3.00116314504607,3.64985742998107,0.143388748761277,0.0310768769499259,3.59311437577963,3.7365031245409,0.000217771307815084,0.00040988503692807,5.29827805542983e-05,0,200,0,healthy,none,1,3.64963965867326,0.142978863724349,0.0310238941693716
15,0.49959865740905,4.99774492026689,199.808318568874,2.99199318012108,3.64959526803658,0.142794201210614,0.0310122942773911,3.59282518141968,3.73561938263029,-4.4390636673608e-05,-0.000184662513734946,-1.15998919804905e-05,0,200,0,healthy,none,1,3.64963965867326,0.142978863724349,0.0310238941693716
16,0.499573324984865,4.9962062407074,199.852683691208,3.00334411186654,3.64962708528713,0.142844368864369,0.0310068051911418,3.59283571461697,3.73568008348134,-1.25733861309207e-05,-0.000134494859980627,-1.70889782298532e-05,0,200,0,healthy,none,1,3.64963965867326,0.142978863724349,0.0310238941693716
17,0.500280351323326,4.99826251105506,200.019595600198,2.99745113119284,3.64968912529325,0.143017377772207,0.0310301788641704,3.59295732330445,3.73597470107666,4.94666199895022e-05,3.85140478580404e-05,6.28469479882834e-06,0,200,0,healthy,none,1,3.64963965867326,0.142978863724349,0.0310238941693716
18,0.499643559819559,5.0040236164239,200.274171539684,3.00222306804727,3.64961031223348,0.14317780578955,0.0310501560422237,3.59281059845147,3.73598840424102,-2.93464397751464e-05,0.000198942065200658,2.62618728520438e-05,0,200,0,healthy,none,1,3.64963965867326,0.142978863724349,0.0310238941693716
19,0.498868542015962,4.99743157301562,200.195525141412,3.00281870336405,3.6496175366853,0.143096018937817,0.0310466073006008,3.59274609030183,3.73584210923965,-2.21219879579237e-05,0.000117155213467335,2.27131312291913e-05,0,200,0,healthy,none,1,3.64963965867326,0.142978863724349,0.0310238941693716
20,0.500179347241304,4.99873333039016,199.602105491629,3.00503454857159,3.64959664305503,0.142650385786308,0.0309732148981195,3.5928749290594,3.73552531484571,-4.30156182287256e-05,-0.000328477938040805,-5.06792712520708e-05,0,200,0,healthy,none,1,3.64963965867326,0.142978863724349,0.0310238941693716
21,0.499677278298622,5.00390938231069,199.770626402723,2.99789735252625,3.64951517978839,0.14274048019519,0.0309962277419912,3.59275630888454,3.73549678907973,-0.000124478884867329,-0.000238383529159059,-2.76664273804288e-05,0,200,0,healthy,none,1,3.64963965867326,0.142978863724349,0.0310238941693716
22,0.499962745202037,4.98848193064001,200.063132743929,3.00382325233972,3.64980361607351,0.143085662274566,0.0310372503850623,3.59301942645685,3.73610508873141,0.000163957400256542,0.000106798550217224,1.33562156906589e-05,0,200,0,healthy,none,1,3.64963965867326,0.142978863724349,0.0310238941693716
23,0.500065784389527,5.00301027754666,200.197113945748,3.00307073304952,3.64964482107902,0.143138242618616,0.0310408252867656,3.59288426137341,3.73602250399203,5.16240576287075e-06,0.000159378894267093,1.69311173940229e-05,0,200,0,healthy,none,1,3.64963965867326,0.142978863724349,0.0310238941693716
24,0.499942513287326,4.99319207436009,199.99863713655,3.00026413701155,3.64972520627309,0.143005923540364,0.0310294465823737,3.59295449544914,3.7359604189895,8.55475998324806e-05,2.70598160150293e-05,5.55241300206552e-06,0,200,0,healthy,none,1,3.64963965867326,0.142978863724349,0.0310238941693716
25,0.500203910851299,4.99693190929196,199.842645782633,2.99298947857531,3.64966407883585,0.142865011654402,0.0310155550021831,3.59293998359731,3.73580499525171,2.44201625920759e-05,-0.000113852069946851,-8.33916718848138e-06,0,200,0,healthy,none,1,3.64963965867326,0.142978863724349,0.0310238941693716
26,0.499567664101683,4.9985565272969,200.006552000881,3.0021123246582,3.64962460843944,0.142967601154037,0.0310239843437025,3.59282720497709,3.73579480613113,-1.50502338218672e-05,-1.12625703123648e-05,9.01743308946712e-08,0,200,0,healthy,none,1,3.64963965867326,0.142978863724349,0.0310238941693716
27,0.499273606437814,4.99599932296652,200.102553355559,2.99550736141982,3.64964958550982,0.143042783687958,0.0310446213687392,3.59282503330591,3.73586781699387,9.9268365585381e-06,6.39199636092158e-05,2.07271993676213e-05,0,200,0,healthy,none,1,3.64963965867326,0.142978863724349,0.0310238941693716
28,0.500364527714396,5.00104403787778,199.671158208957,3.00454131039284,3.64959459629657,0.142711124747509,0.0309795993325189,3.59288770758768,3.73559883233519,-4.50623766865554e-05,-0.000267738976839738,-4.42948368526985e-05,0,200,0,healthy,none,1,3.64963965867326,0.142978863724349,0.0310238941693716
29,0.499562950108403,5.00958913802618,200.217122898432,3.00188587731548,3.64951825108867,0.143098922931725,0.0310390772124372,3.59272365053584,3.73582257346757,-0.000121407584588784,0.000120059207375345,1.51830430655531e-05,0,200,0,healthy,none,1,3.64963965867326,0.142978863724349,0.0310238941693716
30,0.500512378439392,4.99536050519794,200.019496407972,3.00152092899385,3.6497490096208,0.143043488121712,0.0310281140014745,3.59302858970859,3.7360720778303,0.000109350947537834,6.46243973627669e-05,4.21983210288288e-06,0,200,0,healthy,none,1,3.64963965867326,0.142978863724349,0.0310238941693716
31,0.499984310543477,5.00434379802538,199.822157964928,2.99705031453367,3.64954480906931,0.142802283857528,0.0310025479584124,3.5928096081351,3.73561189199263,-9.4849603944791e-05,-0.000176579866821402,-2.13462109592139e-05,0,200,0,healthy,none,1,3.64963965867326,0.142978863724349,0.0310238941693716
32,0.499874873716161,4.99471217782377,199.817037718859,3.00010297248993,3.64966400924604,0.142836856578185,0.0310071842179717,3.59290195820982,3.735738814788,2.43505727812732e-05,-0.000142007146164413,-1.67099513998827e-05,0,200,0,healthy,none,1,3.64963965867326,0.142978863724349,0.0310238941693716
33,0.500414753642555,4.99815628185269,199.827736785165,2.99893933667567,3.64966519196916,0.142860568391554,0.0310062259877366,3.59295487948008,3.73581544787163,2.55332959020471e-05,-0.000118295332795171,-1.7668181635018e-05,0,200,0,healthy,none,1,3.64963965867326,0.142978863724349,0.0310238941693716
34,0.499911809851054,5.00524120667164,200.012316173696,3.00167410691755,3.64956563171971,0.142961308115523,0.0310190345113645,3.59280766363758,3.7357689717531,-7.40269535461913e-05,-1.75556088266582e-05,-4.85965800712737e-06,0,200,0,healthy,none,1,3.64963965867326,0.142978863724349,0.0310238941693716
35,0.499994648014161,4.99824250773662,200.202756618998,2.9971536907281,3.64970081008908,0.1431594017926,0.0310520841852728,3.59293346543805,3.73609286723065,6.11514158199711e-05,0.000180538068251135,2.81900159011354e-05,0,200,0,healthy,none,1,3.64963965867326,0.142978863724349,0.0310238941693716
36,0.500344896382349,5.00003717740724,199.663425295755,2.99685200965248,3.6496015402028,0.142704269665043,0.0309877257743834,3.59290127876482,3.73560554842986,-3.81184704547621e-05,-0.000274594059305855,-3.61683949882084e-05,0,200,0,healthy,none,1,3.64963965867326,0.142978863724349,0.0310238941693716
37,0.500728360075487,4.99510850223547,199.90860512571,2.99830905570078,3.64974760199169,0.142959541153627,0.03101865885589,3.59305604839172,3.73601558954535,0.000107943318434778,-1.93225707221245e-05,-5.2353134815733e-06,0,200,0,healthy,none,1,3.64963965867326,0.142978863724349,0.0310238941693716
38,0.500792388963828,4.99560811223639,199.774155996526,2.99990837256324,3.64972085475633,0.142846178900939,0.0310008056106343,3.59304170067394,3.73588787957488,8.11960830726655e-05,-0.000132684823409779,-2.30885587373421e-05,0,200,0,healthy,none,1,3.64963965867326,0.142978863724349,0.0310238941693716
39,0.499716356174335,5.00494475264194,200.048243524022,3.0020624280189,3.64956024453387,0.142983048913863,0.0310232068813809,3.59278232668582,3.73576537559968,-7.94141393898329e-05,4.1851895136169e-06,-6.87287990734642e-07,0,200,0,healthy,none,1,3.64963965867326,0.142978863724349,0.0310238941693716
40,0.500182621715979,5.00079124885842,199.921298677336,3.00255978044101,3.64963032774685,0.142918250446553,0.0310111645000023,3.59289373691915,3.7358119873657,-9.33092641020039e-06,-6.06132777960511e-05,-1.27296693693026e-05,0,200,0,healthy,none,1,3.64963965867326,0.142978863724349,0.0310238941693716
41,0.499721181459651,4.99400885276226,199.6466957512,3.00179424738533,3.64962825715124,0.14268068585379,0.0309862498099438,3.5928625351911,3.73554322104489,-1.1401522018506e-05,-0.00029817787055908,-3.76443594277999e-05,0,200,0,healthy,none,1,3.64963965867326,0.142978863724349,0.0310238941693716
42,0.500185171989822,4.99059706977874,199.570533620343,3.0006756424696,3.6496973412793,0.142657948356531,0.0309811895762572,3.59297155616261,3.73562950451914,5.76826060414426e-05,-0.000320915367818309,-4.27045931144267e-05,0,200,0,healthy,none,1,3.64963965867326,0.142978863724349,0.0310238941693716
43,0.500108742650315,4.99110145903099,200.01058820663,2.99789949016573,3.64976833931265,0.143033837377856,0.0310350599303408,3.59301094136502,3.73604477874288,0.000128680639394751,5.4973653507151e-05,1.11657609691597e-05,0,200,0,healthy,none,1,3.64963965867326,0.142978863724349,0.0310238941693716
44,0.500992298129915,4.99325057610425,200.103942634869,2.99893346142557,3.64983299512635,0.143144322629507,0.0310420124586785,3.59315123183432,3.73629555446383,0.000193336453088389,0.000165458905158289,1.81182893068572e-05,0,200,0,healthy,none,1,3.64963965867326,0.142978863724349,0.0310238941693716
45,0.500684058948242,5.007211576019,199.872971806505,2.99763615857929,3.64957565952959,0.142871272294233,0.0310047168665235,3.59290100757754,3.73577227987178,-6.39991436686138e-05,-0.000107591430116294,-1.91773028481619e-05,0,200,0,healthy,none,1,3.64963965867326,0.142978863724349,0.0310238941693716
46,0.50102290678976,5.00086631614222,199.89753219002,3.00090716590511,3.64969477066215,0.142938320489659,0.0310092251403792,3.5930355560741,3.73597387656376,5.51119888911877e-05,-4.05432346903822e-05,-1.46690289924423e-05,0,200,0,healthy,none,1,3.64963965867326,0.142978863724349,0.0310238941693716
47,0.498788014554553,5.00650880201493,200.013263265468,2.99394268057906,3.64945098953713,0.142883259485891,0.031026868687614,3.59261037336485,3.73549363285074,-0.000188669136130137,-9.56042384578915e-05,2.9745182423685e-06,0,200,0,healthy,none,1,3.64963965867326,0.142978863724349,0.0310238941693716
48,0.499814146783277,4.99710549123686,200.388673147808,3.00078164245284,3.64973845706027,0.14331479168527,0.0310709414802198,3.59293869434627,3.73625348603154,9.87983870111009e-05,0.00033592796092119,4.70473108482028e-05,0,200,0,healthy,none,1,3.64963965867326,0.142978863724349,0.0310238941693716
49,0.500531989777692,5.00688272280272,200.207673452853,3.00557065346672,3.64963580859671,0.14315132149124,0.0310354867452327,3.59291933209017,3.73607065358141,-3.85007654557512e-06,0.000172457766891121,1.15925758610372e-05,0,200,0,healthy,none,1,3.64963965867326,0.142978863724349,0.0310238941693716
50,0.499281291487136,5.00738924662212,200.13128770395,2.99324826194313,3.64950337100431,0.14301499090982,0.0310404218179157,3.59269722771406,3.73571221862388,-0.00013628766894902,3.61271854711909e-05,1.65276485441131e-05,0,200,0,healthy,none,1,3.64963965867326,0.142978863724349,0.0310238941693716
51,0.498910947119588,5.00504161956786,200.071566335863,2.99611098252432,3.64949304769006,0.142951224199292,0.0310326173554459,3.5926533267209,3.73560455092019,-0.000146610983196016,-2.76395250571326e-05,8.7231860742866e-06,0,200,0,healthy,none,1,3.64963965867326,0.142978863724349,0.0310238941693716
52,0.500073834023507,5.00277843069737,199.770003137922,2.99754933786505,3.64956326194546,0.14276935130578,0.0309972375805993,3.59283619639085,3.73560554769663,-7.63967277932487e-05,-0.000209512418568814,-2.66565887723121e-05,0,200,0,healthy,none,1,3.64963965867326,0.142978863724349,0.0310238941693716
53,0.500086651689011,4.99598367429886,200.222115863425,2.99842237529769,3.64974294707598,0.143191160625875,0.0310548691536635,3.59297780548377,3.73616896610964,0.000103288402724111,0.00021229690152591,3.0974984291901e-05,0,200,0,healthy,none,1,3.64963965867326,0.142978863724349,0.0310238941693716
54,0.500301724827485,5.00685348512719,199.933400294025,3.00193317638678,3.6495618126435,0.142906916666977,0.0310078412072064,3.59284453125627,3.73575144792325,-7.78460297530259e-05,-7.19470573717906e-05,-1.60529621651799e-05,0,200,0,healthy,none,1,3.64963965867326,0.142978863724349,0.0310238941693716
55,0.499367866025712,4.99764000541214,200.075916888228,3.00066015274476,3.64963277683415,0.143019874673413,0.0310345334729849,3.59281424169265,3.73583411636606,-6.88183910924067e-06,4.10109490642796e-05,1.06393036133114e-05,0,200,0,healthy,none,1,3.64963965867326,0.142978863724349,0.0310238941693716
56,0.501488984839674,4.99838037937406,199.896356411521,2.99738462860328,3.6497654142209,0.142967130875995,0.0310144474725743,3.59314891387697,3.73611604475296,0.000125755547640605,-1.17328483537626e-05,-9.44669679735569e-06,0,200,0,healthy,none,1,3.64963965867326,0.142978863724349,0.0310238941693716
57,0.500377357999608,5.00004765162141,200.396762910393,3.00112346059093,3.64974874671991,0.143332516621399,0.0310683761628318,3.5930036401225,3.7363361567439,0.000109088046656769,0.000353652897050249,4.44819934601395e-05,0,200,0,healthy,none,1,3.64963965867326,0.142978863724349,0.0310238941693716
58,0.499677476725729,5.00341540207807,200.057032323363,2.99989377053299,3.64957808058461,0.142994586843928,0.0310279058274743,3.59279657999077,3.7357911668347,-6.1578088648151e-05,1.57231195787588e-05,4.01165810265044e-06,0,200,0,healthy,none,1,3.64963965867326,0.142978863724349,0.0310238941693716
59,0.50008253200091,4.98820113048156,199.853833892964,2.99408192850927,3.64977261546307,0.142908400743296,0.0310234085974109,3.59302315815292,3.73593155889622,0.000132956789816507,-7.04629810530655e-05,-4.85571960747583e-07,0,200,0,healthy,none,1,3.64963965867326,0.142978863724349,0.0310238941693716
60,0.501013399743426,4.99736978658383,200.262180418739,3.00314458512038,3.64981272649683,0.143258221933913,0.0310521627425882,3.59312664814686,3.73638487008077,0.000173067823573181,0.000279358209563707,2.82685732166006e-05,0,200,0,healthy,none,1,3.64963965867326,0.142978863724349,0.0310238941693716
61,0.499882825009034,5.00777834390908,199.452877370167,3.00320156347508,3.64942198382197,0.142456084956987,0.0309501360977109,3.5927027334644,3.73515881842139,-0.000217674851284322,-0.000522778767361842,-7.37580716606914e-05,0,200,0,healthy,none,1,3.64963965867326,0.142978863724349,0.0310238941693716
62,0.499752482178497,4.9988753881336,200.58376973718,3.00145673141584,3.64974807982135,0.143467731912015,0.0310913643400489,3.59293433996037,3.73640207187238,0.000108421148095061,0.000488868187665581,6.74701706773299e-05,0,200,0,healthy,none,1,3.64963965867326,0.142978863724349,0.0310238941693716
63,0.499563521888454,5.00077303644533,200.159122394479,2.99833576849496,3.64962275747621,0.143088094659072,0.0310438455552486,3.59282288941415,3.73591098407322,-1.69011970458932e-05,0.000109230934722593,1.99513858769769e-05,0,200,0,healthy,none,1,3.64963965867326,0.142978863724349,0.0310238941693716
64,0.500047256246492,4.99589415410216,200.400865202888,3.003152764424,3.64977769969747,0.143341867444482,0.0310706422001357,3.59299374028722,3.7363356077317,0.000138041024211333,0.000363003720132316,4.67480307640919e-05,0,200,0,healthy,none,1,3.64963965867326,0.142978863724349,0.0310238941693716
65,0.49960015563719,5.00021685251426,200.085289961665,3.00380356285819,3.64962125929676,0.143031044589367,0.0310298728336687,3.59282191666168,3.73585296125105,-1.83993764966139e-05,5.21808650182365e-05,5.97866429708632e-06,0,200,0,healthy,none,1,3.64963965867326,0.142978863724349,0.0310238941693716
66,0.500168288713158,5.00392116787481,200.185968026453,3.00333833618997,3.64963930428399,0.143129610159792,0.0310383496434925,3.59288951316406,3.73601912332385,-3.543892703739e-07,0.000150746435442439,1.44554741209023e-05,0,200,0,healthy,none,1,3.64963965867326,0.142978863724349,0.0310238941693716
67,0.500433444297075,5.00344516767826,199.908298109802,2.99853482931688,3.64961190598599,0.142906474104667,0.0310114000815396,3.59290657554803,3.7358130496527,-2.77526872705103e-05,-7.2389619682145e-05,-1.24940878320524e-05,0,200,0,healthy,none,1,3.64963965867326,0.142978863724349,0.0310238941693716
68,0.500003245908127,5.00002682226873,200.255358156251,3.00173725133047,3.64969000363308,0.143197873696985,0.0310516931102213,3.59291772894202,3.73611560263901,5.03449598205918e-05,0.000219009972635575,2.77989408496784e-05,0,200,0,healthy,none,1,3.64963965867326,0.142978863724349,0.0310238941693716
69,0.500274866693962,5.00172925355797,200.117765833322,3.00060690386752,3.64966301016657,0.143085995368301,0.0310351806523319,3.59292646542091,3.73601246078921,2.33514933154488e-05,0.000107131643951597,1.12864829602648e-05,0,200,0,healthy,none,1,3.64963965867326,0.142978863724349,0.0310238941693716
70,0.499790844905081,4.99417561698384,200.381070366215,2.99952619031101,3.6497734415357,0.143320366931591,0.0310740073218224,3.59296910806542,3.73628947499701,0.000133782862441922,0.000341503207241356,5.01131524508237e-05,0,200,0,healthy,none,1,3.64963965867326,0.142978863724349,0.0310238941693716
71,0.499969004671818,5.00137510821722,200.058303599374,2.99653129613457,3.64962860195849,0.143019747017394,0.0310332141940452,3.59287304466515,3.73589279168254,-1.1056714771307e-05,4.08832930447467e-05,9.32002467360013e-06,0,200,0,healthy,none,1,3.64963965867326,0.142978863724349,0.0310238941693716
72,0.499481887459514,4.99754836310687,199.805999384663,3.00128182110741,3.64959164214806,0.142790093168939,0.0310024290442818,3.59280056198167,3.73559065515061,-4.80165251977027e-05,-0.000188770555409778,-2.14651250898257e-05,0,200,0,healthy,none,1,3.64963965867326,0.142978863724349,0.0310238941693716
73,0.499537966060959,5.00049720647028,200.154481503751,2.99865465580117,3.64962350439257,0.143084051282538,0.0310432220788241,3.59282094776343,3.73590499904597,-1.61542806922377e-05,0.000105187558188558,1.9327909452492e-05,0,200,0,healthy,none,1,3.64963965867326,0.142978863724349,0.0310238941693716
74,0.500180400566434,4.99052601543206,200.123134864193,2.99492126139081,3.64980268357746,0.14313544009289,0.0310518166728692,3.59304747576023,3.73618291585312,0.000163024904198839,0.000156576368540939,2.79225034976148e-05,0,200,0,healthy,none,1,3.64963965867326,0.142978863724349,0.0310238941693716
75,0.50007800143965,5.00118711339741,199.823005603539,3.00026106942777,3.64959620769515,0.142824411060963,0.0310019169082678,3.59286032280044,3.73568473386141,-4.34509781066517e-05,-0.000154452663386095,-2.19772611037734e-05,0,200,0,healthy,none,1,3.64963965867326,0.142978863724349,0.0310238941693716
76,0.50003170608132,4.99902776249155,200.076368675987,3.00864481736636,3.64967379314463,0.143054023977955,0.0310243592838604,3.59290479927698,3.73595882325494,3.41344713739034e-05,7.5160253605322e-05,4.65114488763796e-07,0,200,0,healthy,none,1,3.64963965867326,0.142978863724349,0.0310238941693716
77,0.499876939915791,4.99534809049617,200.161484392982,2.99804591726084,3.64972170830084,0.143131813145216,0.0310489515898279,3.59294110892877,3.73607292207399,8.20496275868443e-05,0.000152949420866744,2.50574204563002e-05,0,200,0,healthy,none,1,3.64963965867326,0.142978863724349,0.0310238941693716
78,0.500475230877063,5.0037128459768,199.815751161703,3.00194496055872,3.64959533375915,0.142829240335618,0.030996731844907,3.59289566256349,3.73572490289911,-4.43249141106605e-05,-0.000149623388730813,-2.71623244646087e-05,0,200,0,healthy,none,1,3.64963965867326,0.142978863724349,0.0310238941693716
79,0.499504856984548,4.99729983997125,199.977533339409,2.99492382488861,3.64962730898302,0.142940997915486,0.0310293881586514,3.59283332742515,3.73577432534064,-1.23496902331155e-05,-3.78658088631134e-05,5.4939892797333e-06,0,200,0,healthy,none,1,3.64963965867326,0.142978863724349,0.0310238941693716
80,0.500433483455757,4.99605720549498,200.014749425941,3.00123873026671,3.64973204295975,0.143032363284772,0.0310273362309212,3.59300627337211,3.73603863665689,9.23842864919422e-05,5.34995604231092e-05,3.44206154962237e-06,0,200,0,healthy,none,1,3.64963965867326,0.142978863724349,0.0310238941693716
81,0.500077608253558,5.00221224829513,200.285544437934,3.00261252192206,3.64967347783652,0.143217111375261,0.0310522702302088,3.59290840091914,3.7361255122944,3.38191632613949e-05,0.000238247650911738,2.83760608371895e-05,0,200,0,healthy,none,1,3.64963965867326,0.142978863724349,0.0310238941693716
82,0.499868936874257,5.00209965808047,199.981198740282,2.99749848916281,3.64959596981053,0.142944663822139,0.0310226429152656,3.59283660829495,3.73578127211709,-4.36888627257659e-05,-3.41999022097639e-05,-1.25125410599045e-06,0,200,0,healthy,none,1,3.64963965867326,0.142978863724349,0.0310238941693716
83,0.499659930254088,4.99443751980902,199.754019270071,2.99830138125928,3.64963662926283,0.142768302615716,0.0310021190940412,3.59286292864774,3.73563123126346,-3.02941042562566e-06,-0.000210561108633378,-2.1775075330379e-05,0,200,0,healthy,none,1,3.64963965867326,0.142978863724349,0.0310238941693716
84,0.499989452873418,4.99170023193327,200.447580221028,3.00115481179506,3.64983688189328,0.143397180174835,0.0310819719829693,3.59304132382085,3.73643850399569,0.000197223220020692,0.000418316450486067,5.80778135976408e-05,0,200,0,healthy,none,1,3.64963965867326,0.142978863724349,0.0310238941693716
85,0.499518076169045,4.99879960380299,199.992696681811,2.99979734789543,3.64961351829372,0.14295039283969,0.0310246521427393,3.59281600224407,3.73576639508376,-2.6140379535633e-05,-2.84708846587378e-05,7.57973367709885e-07,0,200,0,healthy,none,1,3.64963965867326,0.142978863724349,0.0310238941693716
86,0.50032999666967,4.99491514758514,199.976265667339,3.00193997089336,3.64973131615443,0.142999883598953,0.031023210592115,3.59299618503018,3.73599606862913,9.16574811742343e-05,2.10198746035672e-05,-6.83577256573725e-07,0,200,0,healthy,none,1,3.64963965867326,0.142978863724349,0.0310238941693716
87,0.500004836516277,5.00574202324228,199.981185807827,3.00202421608922,3.64956091415248,0.142937361264831,0.0310145294008578,3.59281323840905,3.73575059967388,-7.87445207794946e-05,-4.15024595183944e-05,-9.36476851380597e-06,0,200,0,healthy,none,1,3.64963965867326,0.142978863724349,0.0310238941693716
88,0.498814364351596,5.00393211647008,200.119740170386,2.99646779218846,3.6495091258094,0.142992828875037,0.0310388650145114,3.59265590693086,3.7356487358059,-0.000130532863854338,1.39651506878558e-05,1.49708451397425e-05,0,200,0,healthy,none,1,3.64963965867326,0.142978863724349,0.0310238941693716
89,0.500953844741693,5.00141142215054,199.549082931352,3.00091815917235,3.64961394021195,0.142634544634284,0.0309683333019866,3.59297013018092,3.7356046748152,-2.57184613108308e-05,-0.000344319090064715,-5.55608673849725e-05,0,200,0,healthy,none,1,3.64963965867326,0.142978863724349,0.0310238941693716
90,0.499908619625785,5.00101426341436,199.925439298598,3.00071749173082,3.64960431076429,0.142904847135445,0.0310136386615208,3.59284650015198,3.73575134728743,-3.53479089651998e-05,-7.40165889037137e-05,-1.02555078508176e-05,0,200,0,healthy,none,1,3.64963965867326,0.142978863724349,0.0310238941693716
91,0.500836923974725,5.00409928032657,200.312368561132,2.99848053393056,3.64971612827098,0.143261037565846,0.0310573659518137,3.59302656804131,3.73628760560715,7.64695977268914e-05,0.000282173841496647,3.34717824421044e-05,0,200,0,healthy,none,1,3.64963965867326,0.142978863724349,0.0310238941693716
92,0.499470085268647,4.99744701063018,199.860381697957,2.99734593417865,3.64960080194728,0.142836029375969,0.0310130303766967,3.59280945125238,3.73564548062835,-3.88567259732575e-05,-0.000142834348380472,-1.08637926749186e-05,0,200,0,healthy,none,1,3.64963965867326,0.142978863724349,0.0310238941693716
93,0.499757278836176,5.00647738081949,200.092200047438,2.99531101338082,3.64954895031955,0.143013542720932,0.0310341658288265,3.5927820452754,3.73579558799633,-9.07083537118325e-05,3.46789965832706e-05,1.02716594548372e-05,0,200,0,healthy,none,1,3.64963965867326,0.142978863724349,0.0310238941693716
94,0.499666550248392,4.99273431727164,199.7585165878,3.00211001528876,3.64966234926313,0.142782415578022,0.0310000996268084,3.5928817086304,3.73566412420842,2.26905898745855e-05,-0.000196448146327466,-2.37945425632172e-05,0,200,0,healthy,none,1,3.64963965867326,0.142978863724349,0.0310238941693716
95,0.50020728940175,5.00327785447909,200.100729304736,3.00209346467349,3.64963402248495,0.143061652224903,0.0310303165219827,3.59289303633338,3.73595468855828,-5.63618830984325e-06,8.27885005536544e-05,6.42235261107474e-06,0,200,0,healthy,none,1,3.64963965867326,0.142978863724349,0.0310238941693716
96,0.499545906396015,5.00415955531843,200.361579715255,2.99787533330129,3.64961540330055,0.143245234972862,0.0310649495916963,3.59280727799939,3.73605251297225,-2.42553727125561e-05,0.000266371248512698,4.10554223247081e-05,0,200,0,healthy,none,1,3.64963965867326,0.142978863724349,0.0310238941693716
97,0.499927074616245,4.99858766625524,200.20544958761,3.00585400033444,3.64969473957792,0.143159852790435,0.0310428027464819,3.59291160888047,3.73607146167091,5.50809046573342e-05,0.000180989066085768,1.89085771102847e-05,0,200,0,healthy,none,1,3.64963965867326,0.142978863724349,0.0310238941693716
98,0.500708866974942,5.0038748518888,200.185868995803,2.99773982061302,3.64968320888295,0.143151956069614,0.0310438434457862,3.59298852409999,3.73614048016961,4.35502096887141e-05,0.000173092345264969,1.9949276414577e-05,0,200,0,healthy,none,1,3.64963965867326,0.142978863724349,0.0310238941693716
99,0.500273265543462,4.99473199094746,199.946655186172,3.00302135186825,3.64972367444516,0.142972847260273,0.0310188258068657,3.59298382853444,3.73595667579472,8.40157719048662e-05,-6.01646407627499e-06,-5.06836250591808e-06,0,200,0,healthy,none,1,3.64963965867326,0.142978863724349,0.0310238941693716
100,0.500439913146456,4.99785836440901,200.257130475792,3.00004838516557,3.64975540841153,0.143228536160709,0.0310551917684683,3.5930210161601,3.73624955232081,0.00011574973827333,0.000249672436360093,3.12975990966573e-05,0,200,0,healthy,none,1,3.64963965867326,0.142978863724349,0.0310238941693716
101,0.49858430493532,5.00931455625938,200.12031396057,2.99960039172133,3.6494196575324,0.142954694073998,0.0310309781647587,3.59255185847757,3.73550655255157,-0.000220001140859072,-2.41696503509026e-05,7.08399538713184e-06,0,200,0,healthy,none,1,3.64963965867326,0.142978863724349,0.0310238941693716
102,0.500841648692321,5.00679651483503,199.789627297029,2.99690252388276,3.64957791455645,0.142809471228502,0.0309960068054264,3.59292227252941,3.73573174375792,-6.17441168060395e-05,-0.000169392495847021,-2.78873639452566e-05,0,200,0,healthy,none,1,3.64963965867326,0.142978863724349,0.0310238941693716
103,0.499961984390112,4.99643399929551,200.044901914637,3.00056416752406,3.64969284667881,0.143032124663204,0.0310316633091717,3.59292539131275,3.73595751597595,5.31880055505418e-05,5.32609388543825e-05,7.76913980006164e-06,0,200,0,healthy,none,1,3.64963965867326,0.142978863724349,0.0310238941693716
104,0.500704357399485,5.00616306873749,199.888179393836,3.00106324711128,3.64959572961881,0.142891347504983,0.0310037140077989,3.5929163811336,3.73580772863858,-4.39290544500537e-05,-8.75162193660906e-05,-2.01801615727325e-05,0,200,0,healthy,none,1,3.64963965867326,0.142978863724349,0.0310238941693716
105,0.499982794849444,4.98383252045721,200.093132984674,2.99342533176674,3.64986854328922,0.143129909944197,0.0310559518824116,3.59308959516309,3.73621950510729,0.000228884615959934,0.000151046219847739,3.20577130399416e-05,0,200,0,healthy,none,1,3.64963965867326,0.142978863724349,0.0310238941693716
106,0.500627172336321,4.99712562301319,200.012221688785,2.99929902112664,3.6497328524744,0.143033834882692,0.0310279900502117,3.59302826609536,3.73606210097805,9.31938011432543e-05,5.49711583426316e-05,4.09588084004237e-06,0,200,0,healthy,none,1,3.64963965867326,0.142978863724349,0.0310238941693716
107,0.500594180648541,5.00279731955365,199.543757821666,2.99594176105076,3.6495621858073,0.142601020479423,0.0309721254737156,3.59289622384161,3.73549724432103,-7.74728659553858e-05,-0.000377843244925735,-5.17686956560126e-05,0,200,0,healthy,none,1,3.64963965867326,0.142978863724349,0.0310238941693716
108,0.500209579517976,4.99418552094081,199.637482899071,2.99647041103372,3.64966280776427,0.142700026971592,0.030990302128578,3.5929447559243,3.73564478289589,2.31490910076459e-05,-0.000278836752757528,-3.35920407936487e-05,0,200,0,healthy,none,1,3.64963965867326,0.142978863724349,0.0310238941693716
109,0.499345834243425,4.99557458311068,200.318789504266,3.00109220387525,3.64970571245656,0.143238812470173,0.0310641749429704,3.59286610768181,3.73610492015198,6.60537833030439e-05,0.000259948745823468,4.02807735987686e-05,0,200,0,healthy,none,1,3.64963965867326,0.142978863724349,0.0310238941693716
110,0.499686091037379,5.00335807250496,200.327232162842,2.99822573415342,3.64963138364846,0.143226860802505,0.0310611753139809,3.59283598994662,3.73606285074913,-8.27502479383568e-06,0.000247997078155926,3.72811446092865e-05,0,200,0,healthy,none,1,3.64963965867326,0.142978863724349,0.0310238941693716
111,0.500324323673932,4.99760372789277,200.456054284232,3.00496492911848,3.64978999114805,0.143391783511932,0.0310732831164207,3.59302912380591,3.73642090731784,0.000150332474790016,0.000412919787582844,4.93889470490373e-05,0,200,0,healthy,none,1,3.64963965867326,0.142978863724349,0.0310238941693716
112,0.500112604112707,4.99916939247559,199.74871738801,3.00220725667895,3.64961239166051,0.142771706705794,0.0309929357047293,3.59287906087368,3.73565076757947,-2.72670127490215e-05,-0.000207157018555115,-3.09584646422979e-05,0,200,0,healthy,none,1,3.64963965867326,0.142978863724349,0.0310238941693716
113,0.499991861495055,4.99328431977167,200.202492486749,2.99666914078874,3.64976626883407,0.143181678027397,0.0310569229944636,3.59299188262203,3.73617356064943,0.000126610160813279,0.000202814303047916,3.30288250920061e-05,0,200,0,healthy,none,1,3.64963965867326,0.142978863724349,0.0310238941693716
114,0.499209607414757,4.99149591282058,199.979105044701,2.99465636292765,3.64967980378891,0.142950407714518,0.0310350731884256,3.59285282902745,3.73580323674197,4.01451156473165e-05,-2.845600983159e-05,1.1179019053998e-05,0,200,0,healthy,none,1,3.64963965867326,0.142978863724349,0.0310238941693716
115,0.500089500878433,5.00632089636027,200.120349072522,3.00277270009602,3.64958771744339,0.143058800145871,0.0310293153361742,3.5928389414481,3.73589774159397,-5.19412298642941e-05,7.99364215220422e-05,5.42116680257373e-06,0,200,0,healthy,none,1,3.64963965867326,0.142978863724349,0.0310238941693716
116,0.500586065194372,4.99605342341687,199.924844084058,2.99908300337926,3.64972653273949,0.142962422562354,0.0310190413991096,3.59302197103746,3.73598439359982,8.68740662292034e-05,-1.64411619949512e-05,-4.85277026199271e-06,0,200,0,healthy,none,1,3.64963965867326,0.142978863724349,0.0310238941693716
117,0.500769946360575,4.99437177322674,200.401464812824,2.99078589768524,3.6498541297058,0.143374810051049,0.0310847358233389,3.59314855168671,3.73652336173776,0.000214471032538466,0.000395946326699814,6.08416539672856e-05,0,200,0,healthy,none,1,3.64963965867326,0.142978863724349,0.0310238941693716
118,0.501287086959844,4.99529666744765,200.088764181772,3.00043764143761,3.64982834274459,0.143134073477048,0.0310364481525487,3.59317580017355,3.7363098736506,0.00018868407133521,0.000155209752699115,1.25539831770938e-05,0,200,0,healthy,none,1,3.64963965867326,0.142978863724349,0.0310238941693716
119,0.500021428116595,5.00133932824555,200.041169756057,3.00193662731148,3.649632478669,0.143010086540944,0.031025425949013,3.59287607674504,3.73588616328599,-7.18000425425913e-06,3.12228165952888e-05,1.53177964136442e-06,0,200,0,healthy,none,1,3.64963965867326,0.142978863724349,0.0310238941693716
120,0.500243784481145,5.00113050348608,200.092633693651,2.99900331660187,3.64966277350969,0.143065295861441,0.0310345353356777,3.59292590940231,3.73599120526375,2.31148364342459e-05,8.64321370914745e-05,1.06411663061204e-05,0,200,0,healthy,none,1,3.64963965867326,0.142978863724349,0.0310238941693716
121,0.499366080942507,5.00277857492907,200.320626736901,2.99293739316087,3.64960847408035,0.143205232841092,0.0310668315735248,3.59279085269059,3.73599608553168,-3.11845929057419e-05,0.000226369116742564,4.29374041531552e-05,0,200,0,healthy,none,1,3.64963965867326,0.142978863724349,0.0310238941693716
122,0.500150485332653,4.99791533207624,200.211405160069,2.99979177785918,3.64972114136955,0.143176698649101,0.0310503965176566,3.59296355683088,3.73614025547998,8.1482696293822e-05,0.000197834924751561,2.65023482849402e-05,0,200,0,healthy,none,1,3.64963965867326,0.142978863724349,0.0310238941693716
123,0.499844803184166,5.00094774784967,199.77457714537,2.99970649381862,3.64957017575724,0.142768937590795,0.0309972452829558,3.59281830287993,3.73558724047073,-6.94829160203803e-05,-0.000209926133553751,-2.66488864157782e-05,0,200,0,healthy,none,1,3.64963965867326,0.142978863724349,0.0310238941693716
124,0.500710489146598,5.0010094820219,199.780360661137,3.00318308624332,3.64964472344567,0.142823928169014,0.0309934187468695,3.59296216912454,3.73578609729356,5.06477240991288e-06,-0.000154935555334745,-3.04754225021082e-05,0,200,0,healthy,none,1,3.64963965867326,0.142978863724349,0.0310238941693716
125,0.500541127430984,5.0021062399345,200.016670479293,2.99841406157714,3.64965983346883,0.143010393530243,0.0310251928573671,3.59295576763315,3.73596616116339,2.0174795568817e-05,3.15298058937152e-05,1.29868799552194e-06,0,200,0,healthy,none,1,3.64963965867326,0.142978863724349,0.0310238941693716
126,0.500881392801554,5.0062720556756,199.884724418874,3.00169573515187,3.6496087808664,0.142896565512912,0.031002343801156,3.59294471897209,3.735841284485,-3.0877806857621e-05,-8.22982114367932e-05,-2.15503682156303e-05,0,200,0,healthy,none,1,3.64963965867326,0.142978863724349,0.0310238941693716
127,0.499941689928887,5.0104331633673,200.151781085913,3.00177670149907,3.64952624301228,0.14305889362395,0.0310305666053502,3.59276993525574,3.73582882887969,-0.000113415660978333,8.00298996010973e-05,6.67243597859968e-06,0,200,0,healthy,none,1,3.64963965867326,0.142978863724349,0.0310238941693716
128,0.499342728162785,4.9974014388537,200.238908443027,2.99746856742476,3.64966407503586,0.143159916693938,0.0310571619618749,3.59283619086261,3.73599610755654,2.44163626037519e-05,0.000181052969588702,3.32677925032818e-05,0,200,0,healthy,none,1,3.64963965867326,0.142978863724349,0.0310238941693716
129,0.50019068190261,4.99838697005538,200.186526240458,3.00970725598743,3.64971762122112,0.143158746753921,0.031036397785248,3.59295414279273,3.73611288954665,7.79625478593005e-05,0.000179883029571393,1.25036158763921e-05,0,200,0,healthy,none,1,3.64963965867326,0.142978863724349,0.0310238941693716
130,0.500218795724773,4.99983410201328,200.422429552349,3.00340697248413,3.64974413758952,0.143349031374357,0.0310692330684859,3.59298028126453,3.73632931263889,0.000104478916260309,0.000370167650007858,4.53388991143236e-05,0,200,0,healthy,none,1,3.64963965867326,0.142978863724349,0.0310238941693716
131,0.499694889311408,5.0069400547519,199.970895896355,2.99949000095468,3.64951580204828,0.142904320228261,0.0310152202421614,3.59274715125052,3.73565147147878,-0.000123856624975716,-7.4543496088264e-05,-8.67392721024679e-06,0,200,0,healthy,none,1,3.64963965867326,0.142978863724349,0.0310238941693716
132,0.500530251844024,5.00909344859592,200.199865369471,3.00056149321206,3.64960261460591,0.14313300535986,0.0310380479330568,3.59289545907858,3.73602846443844,-3.70440673438388e-05,0.000154141635510641,1.41537636852151e-05,0,200,0,healthy,none,1,3.64963965867326,0.142978863724349,0.0310238941693716
133,0.499949985660306,4.99590761958945,200.18564438407,2.99836112637412,3.64972527464815,0.143153750107602,0.0310508761323795,3.59295010615883,3.73610385626643,8.56159748936491e-05,0.000174886383252915,2.69819630078841e-05,0,200,0,healthy,none,1,3.64963965867326,0.142978863724349,0.0310238941693716
134,0.499345752808724,5.00351050284029,200.208389172874,3.00064932162933,3.64957852834798,0.143106822326951,0.0310448499577921,3.59275819559878,3.73586501792573,-6.11303252737727e-05,0.000127958602602174,2.0955788420509e-05,0,200,0,healthy,none,1,3.64963965867326,0.142978863724349,0.0310238941693716
135,0.499830924335675,5.00263423635709,200.027623901196,2.99903586742299,3.64959532715273,0.142980955715867,0.0310259695187195,3.59282870030846,3.73580965602433,-4.43315205309602e-05,2.09199151779416e-06,2.07534934785342e-06,0,200,0,healthy,none,1,3.64963965867326,0.142978863724349,0.0310238941693716
136,0.50002428022496,5.00774885772467,200.012142651668,3.00367200931518,3.64954257762418,0.142956550741482,0.0310146013005759,3.59279567696552,3.735752227707,-9.70810490747986e-05,-2.23129828671453e-05,-9.29286879574817e-06,0,200,0,healthy,none,1,3.64963965867326,0.142978863724349,0.0310238941693716
137,0.500803962289386,4.99835665407844,200.061843949713,3.00026524329997,3.64974148708094,0.143078276948686,0.0310314420336235,3.59305076834909,3.73612904529777,0.000101828407685023,9.94132243365975e-05,7.54786425187504e-06,0,200,0,healthy,none,1,3.64963965867326,0.142978863724349,0.0310238941693716
138,0.500539280334004,5.00215551523676,199.780180223063,2.99603867925098,3.64961200227209,0.142806639469578,0.0310001774795599,3.59292480076437,3.73573144023395,-2.76564011683078e-05,-0.000172224254770814,-2.37166898116974e-05,0,200,0,healthy,none,1,3.64963965867326,0.142978863724349,0.0310238941693716
139,0.499362204534413,4.98471840352966,200.177771551772,2.99564266636599,3.64982174093392,0.143165670197991,0.031063087739588,3.59298268463825,3.73614835483624,0.000182082260666405,0.000186806473641443,3.91935702163983e-05,0,200,0,healthy,none,1,3.64963965867326,0.142978863724349,0.0310238941693716
140,0.499823430427044,4.99953894811134,199.896499470814,3.00096249704841,3.64961125659655,0.142881578343956,0.0310113589989966,3.59284564930413,3.73572722764808,-2.84020767122861e-05,-9.72853803933305e-05,-1.2535170374979e-05,0,200,0,healthy,none,1,3.64963965867326,0.142978863724349,0.0310238941693716
141,0.500020348856553,5.00728714638521,200.318685388196,2.99852083624957,3.64960585793742,0.143217741266699,0.0310561364926461,3.59284614069038,3.73606388195708,-3.3800735833367e-05,0.000238877542349858,3.22423232745096e-05,0,200,0,healthy,none,1,3.64963965867326,0.142978863724349,0.0310238941693716
142,0.500692536678662,5.00964259323829,199.950749172044,3.00115965399228,3.64956067551356,0.142928056091543,0.0310078498663579,3.592881732805,3.73580978889654,-7.89831596943458e-05,-5.08076328058493e-05,-1.60443030137493e-05,0,200,0,healthy,none,1,3.64963965867326,0.142978863724349,0.0310238941693716
143,0.499983652890351,4.99843657686308,199.79276458765,3.00584800647016,3.64962139642711,0.142807665462158,0.0309949496592569,3.59286875933866,3.73567642480081,-1.82622461508686e-05,-0.000171198262191474,-2.89445101147034e-05,0,200,0,healthy,none,1,3.64963965867326,0.142978863724349,0.0310238941693716
144,0.499990601470139,4.99825452217277,199.990726461548,3.00505179170948,3.64966244119724,0.142980428802014,0.0310189594340779,3.59289821500432,3.73587864380634,2.27825239860202e-05,1.56507766524427e-06,-4.9347352937372e-06,0,200,0,healthy,none,1,3.64963965867326,0.142978863724349,0.0310238941693716
145,0.499319776326797,4.99455203431541,200.089703039712,2.99802558750658,3.64967132196373,0.14304208968838,0.0310416754461249,3.59284635142316,3.73588844111154,3.16632904722169e-05,6.32259640309663e-05,1.77812767532641e-05,0,200,0,healthy,none,1,3.64963965867326,0.142978863724349,0.0310238941693716
146,0.499309739290302,5.00135530539544,199.748820365814,2.99714355129964,3.64951374212822,0.142708021193333,0.0309968943055155,3.59272363971555,3.73543166090889,-0.000125916545037352,-0.000270842531016502,-2.69998638561635e-05,0,200,0,healthy,none,1,3.64963965867326,0.142978863724349,0.0310238941693716
147,0.500950603091118,4.9995931361525,199.756808192576,2.99871497287411,3.64967727523184,0.142820482474533,0.0309964156154498,3.59302033151475,3.73584081398928,3.7616558586695e-05,-0.000158381249816042,-2.74785539217844e-05,0,200,0,healthy,none,1,3.64963965867326,0.142978863724349,0.0310238941693716
148,0.499676720181929,4.98979147378847,200.206667464356,2.99660956938962,3.64978687719967,0.14318511065724,0.0310607776557853,3.59297950734258,3.73616461799982,0.000147218526407311,0.000206246932890508,3.68834864136469e-05,0,200,0,healthy,none,1,3.64963965867326,0.142978863724349,0.0310238941693716
149,0.499835461608334,4.99331797671511,199.831397206825,2.99830862700592,3.64968124283033,0.142852645950542,0.0310120045735219,3.59291498754872,3.73576763349926,4.15841570720055e-05,-0.00012621777380728,-1.18895958497005e-05,0,200,0,healthy,none,1,3.64963965867326,0.142978863724349,0.0310238941693716
150,0.499272838256128,4.99886725686518,199.75768134403,2.9996955836131,3.64954654084241,0.142726189091548,0.0309974226682456,3.59274595186294,3.73547214095449,-9.3117830850975e-05,-0.000252674632800876,-2.64715011260297e-05,0,200,0,healthy,none,1,3.64963965867326,0.142978863724349,0.0310238941693716
151,0.499660294665183,5.00451601186126,200.001702877492,3.00140738780665,3.64955191771911,0.142941115808578,0.031018905199322,3.59277239516867,3.73571351097725,-8.77409541444329e-05,-3.774791577138e-05,-4.98897004956936e-06,0,200,0,healthy,none,1,3.64963965867326,0.142978863724349,0.0310238941693716
152,0.500339952051957,5.0055865280479,200.096925909793,2.99609596987526,3.64961121992336,0.143052121716415,0.03103416939709,3.59289263159524,3.73594475331165,-2.84387498963312e-05,7.32579920659227e-05,1.02752277183586e-05,0,200,0,healthy,none,1,3.64963965867326,0.142978863724349,0.0310238941693716
153,0.498952532573016,4.99533859047502,200.087354605954,3.00254698007095,3.64963140564722,0.1430156055539,0.0310360827920219,3.59277170442516,3.73578730997906,-8.25302603990608e-06,3.67418295512678e-05,1.21886226503234e-05,0,200,0,healthy,none,1,3.64963965867326,0.142978863724349,0.0310238941693716
154,0.500242908066102,4.99790671625863,199.863575187893,2.99990030754497,3.6496614205662,0.142883782119455,0.0310097454261767,3.59293253637813,3.73581631849759,2.17618929445607e-05,-9.50816048943537e-05,-1.41487431948827e-05,0,200,0,healthy,none,1,3.64963965867326,0.142978863724349,0.0310238941693716
155,0.499591066297554,4.99788534321176,199.970589855465,3.00093851706792,3.64962803186166,0.142940137497908,0.031021615000619,3.59283542033136,3.73577555782926,-1.1626811596166e-05,-3.8726226440744e-05,-2.27916875262385e-06,0,200,0,healthy,none,1,3.64963965867326,0.142978863724349,0.0310238941693716
156,0.500023655153231,5.00015653526149,200.160980096604,3.00544845581508,3.64967319758078,0.143119433514245,0.0310366160651346,3.59290396119697,3.73602339471122,3.35389075178938e-05,0.000140569789895739,1.27218957629363e-05,0,200,0,healthy,none,1,3.64963965867326,0.142978863724349,0.0310238941693716
157,0.500044390445035,4.99801276226813,199.62589846364,2.99959398185544,3.64959716065915,0.142663587731827,0.0309824461776771,3.59286811634272,3.73553170407455,-4.2498014103387e-05,-0.000315275992522235,-4.14479916945633e-05,0,200,0,healthy,none,1,3.64963965867326,0.142978863724349,0.0310238941693716
158,0.499206834073415,4.99593486334103,199.81556696394,2.99929163696041,3.64959097149702,0.142786687384585,0.0310071875822289,3.59277678863712,3.73556347602171,-4.86871762368501e-05,-0.000192176339764316,-1.67065871427459e-05,0,200,0,healthy,none,1,3.64963965867326,0.142978863724349,0.0310238941693716
159,0.499594685949848,5.00494547461615,199.916268428349,2.99834005793552,3.64952281733839,0.142859149839479,0.0310118847180948,3.59274785377415,3.73560700361363,-0.000116841334870887,-0.000119713884870531,-1.2009451276801e-05,0,200,0,healthy,none,1,3.64963965867326,0.142978863724349,0.0310238941693716
160,0.50052475995666,4.99997660862077,200.055962055049,3.00138281174311,3.64969569815494,0.143053743544538,0.0310284492805406,3.59298133694588,3.73603508049042,5.60394816790932e-05,7.48798201883893e-05,4.55511116895582e-06,0,200,0,healthy,none,1,3.64963965867326,0.142978863724349,0.0310238941693716
161,0.500142298389702,5.00416125846241,199.72104839158,3.00044486268715,3.64954239062367,0.142725557590688,0.0309872119783272,3.59282297221517,3.73554852980586,-9.72680495836542e-05,-0.000253306133661368,-3.66821910444091e-05,0,200,0,healthy,none,1,3.64963965867326,0.142978863724349,0.0310238941693716
162,0.499727662102265,4.99656125087174,199.954822199841,2.99703397079897,3.64965240649365,0.14293880087344,0.0310249987003716,3.59287508148333,3.73581388235677,1.27478203948428e-05,-4.00628509091838e-05,1.10453099993676e-06,0,200,0,healthy,none,1,3.64963965867326,0.142978863724349,0.0310238941693716
163,0.499779059178698,5.00606094613915,200.101079344235,3.00046230890029,3.64956025655395,0.14302638660035,0.0310300365899579,3.59278794680597,3.73581433340632,-7.94021193049055e-05,4.75228760006274e-05,6.14242058627826e-06,0,200,0,healthy,none,1,3.64963965867326,0.142978863724349,0.0310238941693716
164,0.499581634395662,4.99546242115286,200.114487849988,2.99954880590922,3.64968676686167,0.143075395927923,0.0310419827666787,3.59288194056063,3.73595733648856,4.7108188416356e-05,9.65322035733074e-05,1.80885973070782e-05,0,200,0,healthy,none,1,3.64963965867326,0.142978863724349,0.0310238941693716
165,0.499772621258715,4.9953199713566,199.846045522814,2.99529523536654,3.64965087174831,0.142851113129163,0.0310152097131046,3.59288495427689,3.73573606740605,1.12130750489214e-05,-0.000127750595186438,-8.68445626705724e-06,0,200,0,healthy,none,1,3.64963965867326,0.142978863724349,0.0310238941693716
166,0.499747676568392,5.0001001018715,199.919402063022,3.00543917974526,3.64960378217544,0.142896553984464,0.0310088395193089,3.59282571058613,3.73572226457059,-3.58764978147796e-05,-8.23097398847672e-05,-1.5054650062702e-05,0,200,0,healthy,none,1,3.64963965867326,0.142978863724349,0.0310238941693716
167,0.501215729361365,5.00104598852729,199.931501433008,3.01275951739655,3.64972024531225,0.14297816060484,0.0310000563244059,3.59306312787471,3.73604128847955,8.05866389947951e-05,-7.03119508838057e-07,-2.38378449657246e-05,0,200,0,healthy,none,1,3.64963965867326,0.142978863724349,0.0310238941693716
168,0.499351224417624,5.00374968639459,200.391079999058,2.99778945475665,3.64961008638138,0.143262226193227,0.0310689676029278,3.5927826524825,3.73604487867572,-2.9572291873059e-05,0.000283362468878057,4.50734335561524e-05,0,200,0,healthy,none,1,3.64963965867326,0.142978863724349,0.0310238941693716
169,0.50010753100861,4.99500088517801,200.335560727796,3.00054385905505,3.6497808261645,0.143293086381561,0.0310666087932476,3.59300742664288,3.73630051302444,0.000141167491242822,0.000314222657212149,4.27146238760126e-05,0,200,0,healthy,none,1,3.64963965867326,0.142978863724349,0.0310238941693716
170,0.499657035559813,4.99925193611375,200.109014464468,2.99440696479592,3.64963946117569,0.143055368928963,0.0310434830170008,3.59285319076588,3.73590855969484,-1.97497571186034e-07,7.65052046136638e-05,1.95888476292247e-05,0,200,0,healthy,none,1,3.64963965867326,0.142978863724349,0.0310238941693716
171,0.49925411939968,5.0022937400761,200.006082614237,2.99754261996819,3.64954644538677,0.142928788693245,0.0310257062388259,3.59273388064458,3.73566266933782,-9.32132864828183e-05,-5.00750311043241e-05,1.81206945425866e-06,0,200,0,healthy,none,1,3.64963965867326,0.142978863724349,0.0310238941693716
172,0.49907351418638,4.99976764780495,199.938665141837,3.00075499148906,3.6495531973169,0.142870561585739,0.0310167260412415,3.59272295780568,3.73559351939142,-8.64613563598127e-05,-0.000108302138610128,-7.16812813006742e-06,0,200,0,healthy,none,1,3.64963965867326,0.142978863724349,0.0310238941693716
173,0.499761233401171,4.99406062557098,200.022289731751,2.99646688687098,3.64970133606786,0.143010740743533,0.0310356342310464,3.59291937773406,3.73593011847759,6.16773946027216e-05,3.18770191842788e-05,1.17400616748142e-05,0,200,0,healthy,none,1,3.64963965867326,0.142978863724349,0.0310238941693716
174,0.499664898621869,5.00224797221105,199.716259996417,3.00294933526451,3.64952791545096,0.142701674136192,0.0309860158929174,3.59276333837424,3.73546501251043,-0.000111743222296568,-0.000277189588156812,-3.78782764542153e-05,0,200,0,healthy,none,1,3.64963965867326,0.142978863724349,0.0310238941693716
175,0.500142963992746,4.99950775860949,199.9152238762,3.00023440194199,3.64964188485178,0.142915781954609,0.031014089796671,3.5929031165685,3.73581889852311,2.22617852196905e-06,-6.30817697402364e-05,-9.80437270063986e-06,0,200,0,healthy,none,1,3.64963965867326,0.142978863724349,0.0310238941693716
176,0.500992593850079,5.0066667213098,199.924356553757,2.99929033223465,3.64961960538106,0.142932461282502,0.0310090447736559,3.59296667942763,3.73589914071013,-2.00532922027818e-05,-4.64024418467268e-05,-1.48493957156833e-05,0,200,0,healthy,none,1,3.64963965867326,0.142978863724349,0.0310238941693716
177,0.500796326163803,5.00443290381484,200.256887415036,2.99395753917927,3.6496954848367,0.143210921481751,0.0310555995697725,3.59301045579924,3.73622137728099,5.58261634373558e-05,0.000232057757401982,3.17054004008478e-05,0,200,0,healthy,none,1,3.64963965867326,0.142978863724349,0.0310238941693716
178,0.500473197594159,5.00043538232898,199.829893448474,2.99309094822475,3.64963771855994,0.142852697883398,0.0310106755319189,3.5929426448663,3.7357953427497,-1.94011331577926e-06,-0.000126165840951042,-1.32186374527561e-05,0,200,0,healthy,none,1,3.64963965867326,0.142978863724349,0.0310238941693716
179,0.500600893879432,4.99356762853504,200.289007637176,2.99516867017218,3.64983029634786,0.143280142442354,0.0310677771562533,3.59310822321832,3.73638836566067,0.000190637674602367,0.000301278718004561,4.3882986881693e-05,0,200,0,healthy,none,1,3.64963965867326,0.142978863724349,0.0310238941693716
180,0.500337712968689,5.00294717404536,199.699266250748,2.99804512589963,3.64956969562946,0.142722405616535,0.0309881118584227,3.59286930264897,3.73559170826551,-6.99630437965837e-05,-0.000256458107813717,-3.5782310948914e-05,0,200,0,healthy,none,1,3.64963965867326,0.142978863724349,0.0310238941693716
181,0.500639517733663,4.99797992503444,200.023519550742,2.99896823206056,3.64972459246761,0.143039936165931,0.0310288984508242,3.59302213008717,3.7360620662531,8.49337943549244e-05,6.1072441581711e-05,5.00428145260717e-06,0,200,0,healthy,none,1,3.64963965867326,0.142978863724349,0.0310238941693716
182,0.499690940455027,4.99934262818215,200.184207947515,2.99928966177017,3.64965782211666,0.143123622469692,0.0310469062909131,3.59286413659711,3.7359877590668,1.81634434039957e-05,0.000144758745343143,2.30121215414845e-05,0,200,0,healthy,none,1,3.64963965867326,0.142978863724349,0.0310238941693716
183,0.500004553777377,4.99655411659862,199.872030811012,3.0021311936678,3.64966194890586,0.142884958231051,0.0310097343313667,3.59290747210999,3.73579243034104,2.22902326059149e-05,-9.39054932982408e-05,-1.41598380049672e-05,0,200,0,healthy,none,1,3.64963965867326,0.142978863724349,0.0310238941693716
184,0.500028780714767,5.00430168005043,200.216448796463,2.99888753360515,3.6496265055972,0.14314546422067,0.0310464719666012,3.5928683767574,3.73601384097807,-1.31530760563159e-05,0.000166600496320779,2.25777972295768e-05,0,200,0,healthy,none,1,3.64963965867326,0.142978863724349,0.0310238941693716
185,0.500550960202925,5.00254024844835,200.080044634541,2.99673334079042,3.64966653255975,0.143061962824998,0.0310339768182872,3.59296239927123,3.73602436209623,2.68738864872553e-05,8.30991006490756e-05,1.00826489156138e-05,0,200,0,healthy,none,1,3.64963965867326,0.142978863724349,0.0310238941693716
186,0.500708900138361,5.00183539345155,199.874341231352,2.99799209344398,3.64964967654752,0.14289843940546,0.0310091606846388,3.59296874039816,3.73586717980362,1.00178742656887e-05,-8.04243188889942e-05,-1.4733484732854e-05,0,200,0,healthy,none,1,3.64963965867326,0.142978863724349,0.0310238941693716
187,0.501128633814804,4.99291128988657,200.026865787793,3.003939312516,3.64983605452278,0.143088621197514,0.0310277889199173,3.59316436428779,3.7362529854853,0.000196395849525022,0.000109757473164329,3.89475054565422e-06,0,200,0,healthy,none,1,3.64963965867326,0.142978863724349,0.0310238941693716
188,0.500213031242835,4.99528264893061,199.854799127148,2.9968257205194,3.64969078480203,0.142885272434254,0.0310143132240121,3.59295966109979,3.73584493353405,5.11261287750031e-05,-9.35912900952296e-05,-9.58094535949416e-06,0,200,0,healthy,none,1,3.64963965867326,0.142978863724349,0.0310238941693716
189,0.500770315416645,4.99878141682637,200.054377433286,3.00240711525518,3.64973244304061,0.143069293365846,0.031027937586995,3.59303722457423,3.73610651794007,9.27843673519391e-05,9.04296414971917e-05,4.04341762336516e-06,0,200,0,healthy,none,1,3.64963965867326,0.142978863724349,0.0310238941693716
190,0.500506263165988,4.99357618539414,200.206090947937,2.99689898885159,3.64980668493662,0.143207357416829,0.0310563531747716,3.59307824632618,3.73628560374301,0.000167026263362846,0.000228493692479681,3.24590053999499e-05,0,200,0,healthy,none,1,3.64963965867326,0.142978863724349,0.0310238941693716
191,0.499469608149453,4.99626086643612,199.936641536294,3.00287314262444,3.64963367185339,0.142911343232246,0.0310171000108263,3.59282845789373,3.73573980112597,-5.98681986829774e-06,-6.75204921027905e-05,-6.79415854529242e-06,0,200,0,healthy,none,1,3.64963965867326,0.142978863724349,0.0310238941693716
192,0.500242373201021,5.00320533581602,200.185216370886,3.00049524239354,3.64965373054197,0.143134780331061,0.0310418747781907,3.59291283254314,3.7360476128742,1.40718687124952e-05,0.00015591660671177,1.7980608819107e-05,0,200,0,healthy,none,1,3.64963965867326,0.142978863724349,0.0310238941693716
193,0.499655082177911,4.99078505236207,200.033389486197,2.99744279424926,3.64973852217553,0.143029786394021,0.0310388209078289,3.5929407514557,3.73597053784972,9.88635022767248e-05,5.09226696721043e-05,1.4926738457318e-05,0,200,0,healthy,none,1,3.64963965867326,0.142978863724349,0.0310238941693716
194,0.499860420775053,4.99955589349663,200.206897901571,3.00052951945047,3.64967424419916,0.143151370094252,0.0310478962290079,3.59289284691533,3.73604421700958,3.45855258987449e-05,0.000172506369902958,2.40020596363223e-05,0,200,0,healthy,none,1,3.64963965867326,0.142978863724349,0.0310238941693716
195,0.500074484946491,5.00004478188507,200.312480777338,2.99465668472635,3.64970392647368,0.143247104335232,0.0310658996058998,3.59294310545209,3.73619020978732,6.42678004179054e-05,0.00026824061088293,4.20054365281482e-05,0,200,0,healthy,none,1,3.64963965867326,0.142978863724349,0.0310238941693716
196,0.500633595607684,5.00333445985556,200.049527502296,2.99430033628774,3.64965595927813,0.143035492168112,0.0310322674731503,3.59296490871407,3.73600040088218,1.63006048761183e-05,5.66284437626408e-05,8.37330377870607e-06,0,200,0,healthy,none,1,3.64963965867326,0.142978863724349,0.0310238941693716
197,0.50018485125647,5.003760766016,200.068022758895,3.00251849190922,3.64961952203745,0.143030602605541,0.031025661827018,3.59287868606456,3.7359092886701,-2.01366358054678e-05,5.17388811918096e-05,1.76765764633643e-06,0,200,0,healthy,none,1,3.64963965867326,0.142978863724349,0.0310238941693716
198,0.500070519715807,4.99947819514857,199.710439976778,3.00060449266371,3.6495966520688,0.142733483014513,0.0309899382238129,3.59286479423863,3.73559827725314,-4.30066044612154e-05,-0.000245380709836596,-3.39559455587654e-05,0,200,0,healthy,none,1,3.64963965867326,0.142978863724349,0.0310238941693716
199,0.501093300589991,4.99959466464525,200.072981298081,3.00595465254218,3.64975401410155,0.143095529334535,0.0310251608099054,3.59308435320382,3.73617988253836,0.000114355428292079,0.000116665610185862,1.2666405337855e-06,0,200,0,healthy,none,1,3.64963965867326,0.142978863724349,0.0310238941693716
200,0.500328882738439,4.99147192699563,199.833916053006,3.00269875374157,3.64974967659181,0.142893492211632,0.0310088494106816,3.59301717958524,3.73591067179687,0.000110017918548255,-8.53715127173693e-05,-1.50447586900644e-05,0,200,0,healthy,none,1,3.64963965867326,0.142978863724349,0.0310238941693716
